{"cameraMode":{"drawMode":0,"name":"Shaded","section":"Shading Mode"},"sceneLighting":true,"audioPlay":false,"sceneViewState":{"showFog":true,"showMaterialUpdate":true,"showSkybox":true,"showFlares":true,"showImageEffects":true,"showParticleSystems":true},"in2DMode":false,"pivot":{"x":29.213703155517579,"y":-20.3674373626709,"z":170.9812469482422},"rotation":{"x":0.06458223611116409,"y":0.07508038729429245,"z":-0.004872343968600035,"w":0.9950932264328003},"size":93.77195739746094,"orthographic":false}